City_ID,City,Country,Date,Lat,Lng,Max Temp,Humidity,Cloudiness,Wind Speed
0,Airai,TL,2022-04-20 19:47:54,-8.9266,125.4092,58.71,90,92,2.3
1,Cherskiy,RU,2022-04-20 19:47:55,68.75,161.3,15.49,84,98,4.16
2,Kapaa,US,2022-04-20 19:47:55,22.0752,-159.319,78.78,76,20,16.11
3,Kiunga,PG,2022-04-20 19:47:55,-6.1219,141.2906,72.95,100,98,1.12
4,Punta Arenas,CL,2022-04-20 19:46:52,-53.15,-70.9167,51.91,62,40,23.02
5,Upernavik,GL,2022-04-20 19:39:46,72.7868,-56.1549,2.1,72,13,5.82
6,Georgetown,MY,2022-04-20 19:44:47,5.4112,100.3354,78.73,93,20,2.3
7,Birnin Kebbi,NG,2022-04-20 19:47:57,12.4539,4.1975,96.3,22,94,3.98
8,Hilo,US,2022-04-20 19:47:57,19.7297,-155.09,78.28,78,100,5.99
9,Torbay,CA,2022-04-20 19:47:58,47.6666,-52.7314,45.28,88,100,33.38
10,Lobito,AO,2022-04-20 19:47:58,-12.3481,13.5456,77.34,87,85,0.4
11,Beringovskiy,RU,2022-04-20 19:47:58,63.05,179.3167,26.37,96,97,2.57
12,Tiznit,MA,2022-04-20 19:47:59,29.5833,-9.5,55.6,72,15,12.37
13,Sitka,US,2022-04-20 19:45:44,57.0531,-135.33,48.09,57,40,4.61
14,Ushuaia,AR,2022-04-20 19:44:46,-54.8,-68.3,49.66,62,75,10.36
15,Hermanus,ZA,2022-04-20 19:48:00,-34.4187,19.2345,63.36,83,100,2.06
16,Vao,NC,2022-04-20 19:48:00,-22.6667,167.4833,74.7,72,2,7.16
17,San Jose,US,2022-04-20 19:44:36,37.3394,-121.895,71.58,43,40,8.99
18,Port Hardy,CA,2022-04-20 19:48:01,50.6996,-127.4199,50.18,57,75,20.71
19,Provideniya,RU,2022-04-20 19:48:01,64.3833,-173.3,26.22,77,56,4.9
20,Bluff,NZ,2022-04-20 19:48:01,-46.6,168.3333,55.8,94,100,3.2
21,Tasiilaq,GL,2022-04-20 19:48:02,65.6145,-37.6368,41.16,92,91,1.45
22,Bredasdorp,ZA,2022-04-20 19:48:02,-34.5322,20.0403,65.28,58,100,3.13
23,Codajas,BR,2022-04-20 19:48:03,-3.8367,-62.0569,76.14,96,100,2.42
24,New Norfolk,AU,2022-04-20 19:48:03,-42.7826,147.0587,46.71,65,8,1.01
25,Rikitea,PF,2022-04-20 19:48:04,-23.1203,-134.9692,78.57,72,2,19.04
26,Hobart,AU,2022-04-20 19:48:04,-42.8794,147.3294,47.05,73,7,3.44
27,Cabo San Lucas,MX,2022-04-20 19:43:44,22.8909,-109.9124,78.06,73,1,7.0
28,Vidim,RU,2022-04-20 19:48:05,56.4088,103.1106,26.56,91,100,6.49
29,Seoul,KR,2022-04-20 19:46:39,37.5683,126.9778,47.77,62,0,4.61
30,Saskylakh,RU,2022-04-20 19:48:05,71.9167,114.0833,-2.06,100,100,3.58
31,Edson,CA,2022-04-20 19:48:06,53.5835,-116.4356,30.34,93,100,4.61
32,Vila Franca Do Campo,PT,2022-04-20 19:48:06,37.7167,-25.4333,59.41,62,91,2.26
33,Povenets,RU,2022-04-20 19:48:07,62.8487,34.8262,30.33,93,24,4.97
34,Nikolskoye,RU,2022-04-20 19:48:07,59.7035,30.7861,49.89,95,19,8.66
35,Bambous Virieux,MU,2022-04-20 19:48:08,-20.3428,57.7575,77.25,88,40,1.14
36,Saint George,US,2022-04-20 19:46:20,37.1041,-113.5841,78.8,19,0,5.01
37,Nishihara,JP,2022-04-20 19:48:08,26.1842,127.7558,72.68,88,40,14.97
38,El Derrumbo,EC,2022-04-20 19:48:09,-2.7833,-78.9667,57.81,88,75,10.36
39,Port Augusta,AU,2022-04-20 19:48:09,-32.5,137.7667,60.19,77,100,9.04
40,Ipilan,PH,2022-04-20 19:48:10,8.8431,117.9033,79.66,86,83,7.87
41,Tarakan,ID,2022-04-20 19:48:10,3.3,117.6333,76.5,94,40,2.3
42,Guerrero Negro,MX,2022-04-20 19:48:11,27.9769,-114.0611,69.15,58,79,20.29
43,Cape Town,ZA,2022-04-20 19:41:18,-33.9258,18.4232,68.27,67,0,4.61
44,Bathsheba,BB,2022-04-20 19:48:11,13.2167,-59.5167,84.81,58,40,21.85
45,Barrow,US,2022-04-20 19:48:12,71.2906,-156.7887,1.42,85,0,10.36
46,Luangwa,ZM,2022-04-20 19:48:12,-15.6167,30.4167,68.81,82,75,2.66
47,Mataura,NZ,2022-04-20 19:49:13,-46.1927,168.8643,55.47,99,100,0.04
48,Kavieng,PG,2022-04-20 19:49:13,-2.5744,150.7967,82.69,75,81,14.47
49,Yar-Sale,RU,2022-04-20 19:44:59,66.8333,70.8333,8.6,88,100,22.77
50,Cidreira,BR,2022-04-20 19:45:18,-30.1811,-50.2056,69.93,70,0,7.67
51,La Ronge,CA,2022-04-20 19:49:14,55.1001,-105.2842,37.65,41,75,10.36
52,Zabaykalsk,RU,2022-04-20 19:49:15,49.6333,117.3167,30.61,42,27,8.08
53,The Valley,AI,2022-04-20 19:49:15,18.217,-63.0578,84.06,61,20,16.11
54,Faya,SA,2022-04-20 19:49:16,18.3851,42.4509,68.11,52,46,1.32
55,Shubarshi,KZ,2022-04-20 19:49:16,48.5872,57.1869,60.73,43,100,8.61
56,East London,ZA,2022-04-20 19:45:34,-33.0153,27.9116,69.22,83,0,9.75
57,Ketchikan,US,2022-04-20 19:49:17,55.3422,-131.6461,52.27,50,20,5.75
58,Marysville,US,2022-04-20 19:46:55,48.0518,-122.1771,57.43,52,0,6.91
59,Waingapu,ID,2022-04-20 19:49:17,-9.6567,120.2641,78.1,84,99,6.24
60,Lata,PT,2022-04-20 19:49:18,40.1629,-8.3327,55.08,77,3,7.92
61,Ahuimanu,US,2022-04-20 19:49:18,21.4447,-157.8378,80.31,74,40,10.36
62,Vaini,TO,2022-04-20 19:49:19,-21.2,-175.2,75.36,94,75,13.11
63,Geraldton,AU,2022-04-20 19:49:19,-28.7667,114.6,66.61,48,95,9.22
64,Kerema,PG,2022-04-20 19:49:20,-7.9631,145.7785,77.58,86,36,3.11
65,Iquique,CL,2022-04-20 19:49:20,-20.2208,-70.1431,68.04,75,46,8.97
66,Korla,CN,2022-04-20 19:49:21,41.7597,86.1469,65.12,19,100,14.05
67,Chuy,UY,2022-04-20 19:49:21,-33.6971,-53.4616,71.69,61,0,11.77
68,Opelousas,US,2022-04-20 19:49:22,30.5335,-92.0815,78.91,61,40,24.16
69,Leshukonskoye,RU,2022-04-20 19:49:22,64.8989,45.7622,22.03,96,24,3.38
70,Olafsvik,IS,2022-04-20 19:49:23,64.8945,-23.7142,44.8,88,100,13.76
71,Kijang,KR,2022-04-20 19:49:23,35.2442,129.2139,55.13,52,100,6.87
72,Port Alfred,ZA,2022-04-20 19:49:24,-33.5906,26.891,71.28,75,9,11.41
73,Rabo De Peixe,PT,2022-04-20 19:49:25,37.8,-25.5833,58.51,67,40,2.3
74,Jamestown,US,2022-04-20 19:45:40,42.097,-79.2353,52.52,37,0,6.91
75,Jacksonville,US,2022-04-20 19:44:32,30.3322,-81.6556,77.09,54,75,17.27
76,San Carlos,VE,2022-04-20 19:49:26,9.6612,-68.5827,89.94,46,94,1.99
77,Chokurdakh,RU,2022-04-20 19:49:26,70.6333,147.9167,4.23,98,94,3.91
78,Micheweni,TZ,2022-04-20 19:49:26,-4.9667,39.8333,77.9,84,100,9.28
79,Ancud,CL,2022-04-20 19:49:27,-41.8697,-73.8203,52.23,73,100,13.09
80,Alta Floresta,BR,2022-04-20 19:49:27,-9.8756,-56.0861,93.02,55,40,5.75
81,Victoria,HK,2022-04-20 19:47:27,22.2855,114.1577,73.18,84,92,4.0
82,Sao Filipe,CV,2022-04-20 19:49:28,14.8961,-24.4956,73.06,78,68,6.11
83,Husavik,IS,2022-04-20 19:49:28,66.0449,-17.3389,42.98,85,87,10.33
84,Homer,US,2022-04-20 19:49:29,59.6425,-151.5483,44.04,47,0,4.61
85,Oussouye,SN,2022-04-20 19:49:29,12.485,-16.5469,86.18,65,99,11.74
86,Praya,CV,2022-04-20 19:49:29,14.9215,-23.5087,75.74,69,20,17.27
87,Bandarbeyla,SO,2022-04-20 19:49:30,9.4942,50.8122,81.09,72,5,8.23
88,Aguimes,ES,2022-04-20 19:49:30,27.9054,-15.4461,65.66,63,40,32.21
89,Katangli,RU,2022-04-20 19:49:31,51.7102,143.2326,36.28,95,100,13.18
90,Thompson,CA,2022-04-20 19:47:08,55.7435,-97.8558,32.16,55,75,16.11
91,Hvolsvollur,IS,2022-04-20 19:49:31,63.7533,-20.2243,47.01,87,100,7.96
92,Kodiak,US,2022-04-20 19:49:32,57.79,-152.4072,42.31,70,20,6.91
93,Yaring,TH,2022-04-20 19:49:32,6.8662,101.3689,79.56,85,100,6.55
94,Ukiah,US,2022-04-20 19:49:32,39.1502,-123.2078,55.36,89,100,11.5
95,Cap Malheureux,MU,2022-04-20 19:49:33,-19.9842,57.6142,77.47,88,100,1.01
96,Seymchan,RU,2022-04-20 19:50:33,62.8833,152.4333,2.37,98,61,1.25
97,Salalah,OM,2022-04-20 19:50:34,17.0151,54.0924,78.6,76,0,4.27
98,Kavaratti,IN,2022-04-20 19:50:34,10.5669,72.642,84.25,72,3,10.87
99,Naze,JP,2022-04-20 19:50:35,28.3667,129.4833,68.92,77,100,7.07
100,Port Hedland,AU,2022-04-20 19:44:06,-20.3167,118.5667,77.05,38,90,6.91
101,Atuona,PF,2022-04-20 19:50:35,-9.8,-139.0333,78.82,74,38,17.63
102,Buin,CL,2022-04-20 19:46:42,-33.7333,-70.75,73.72,33,100,4.34
103,Cochrane,CA,2022-04-20 19:50:36,51.1834,-114.4687,35.62,65,20,12.66
104,Binzhou,CN,2022-04-20 19:50:37,37.3667,118.0167,63.28,59,79,13.82
105,Busselton,AU,2022-04-20 19:49:44,-33.65,115.3333,54.52,87,0,11.65
106,San Patricio,US,2022-04-20 19:50:37,28.017,-97.5169,84.16,56,100,22.28
107,Kralendijk,BQ,2022-04-20 19:47:11,12.15,-68.2667,84.18,70,75,16.11
108,Banda Aceh,ID,2022-04-20 19:45:17,5.5577,95.3222,79.66,80,92,3.42
109,Abu Kamal,SY,2022-04-20 19:48:43,34.4506,40.9171,68.59,31,0,10.56
110,Cartagena Del Chaira,CO,2022-04-20 19:50:38,1.3349,-74.8429,80.69,84,96,1.01
111,Norman Wells,CA,2022-04-20 19:50:39,65.282,-126.8329,28.44,37,0,3.44
112,Wajima,JP,2022-04-20 19:50:39,37.4,136.9,56.39,57,55,7.9
113,Poum,NC,2022-04-20 19:50:40,-20.2333,164.0167,77.18,79,19,11.34
114,Nemuro,JP,2022-04-20 19:50:40,43.3236,145.575,40.21,92,0,19.01
115,Afua,BR,2022-04-20 19:50:41,-0.1567,-50.3867,81.68,83,100,5.26
116,Clyde River,CA,2022-04-20 19:50:41,70.4692,-68.5914,3.43,78,75,13.8
117,Fuquay-Varina,US,2022-04-20 19:47:09,35.5843,-78.8,67.26,34,31,7.0
118,Constitucion,CL,2022-04-20 19:50:42,-35.3333,-72.4167,60.19,57,5,14.92
119,Tuktoyaktuk,CA,2022-04-20 19:50:42,69.4541,-133.0374,3.2,85,40,4.61
120,Natal,BR,2022-04-20 19:50:43,-5.795,-35.2094,86.65,66,20,14.97
121,Bourail,NC,2022-04-20 19:50:43,-21.5667,165.4833,71.73,86,13,4.52
122,Albany,US,2022-04-20 19:49:39,42.6001,-73.9662,52.18,40,8,1.99
123,Gwanda,ZW,2022-04-20 19:50:44,-20.9333,29.0,58.26,95,100,9.19
124,Bereda,ES,2022-04-20 19:50:44,43.2686,-7.5406,41.14,86,6,2.51
125,Moron,AR,2022-04-20 19:50:45,-34.6534,-58.6198,80.96,50,74,5.75
126,Paamiut,GL,2022-04-20 19:50:45,61.994,-49.6678,25.83,59,100,3.02
127,Yellowknife,CA,2022-04-20 19:50:46,62.456,-114.3525,30.72,34,0,8.05
128,West Sacramento,US,2022-04-20 19:50:30,38.5805,-121.5302,70.36,47,0,12.66
129,Madras,IN,2022-04-20 19:49:57,13.0878,80.2785,85.98,87,20,3.44
130,Pa Sang,TH,2022-04-20 19:50:47,18.5262,98.9394,79.02,49,22,2.19
131,Flinders,AU,2022-04-20 19:48:39,-34.5833,150.8552,58.05,81,0,1.99
132,Borogontsy,RU,2022-04-20 19:50:47,62.6683,131.1683,11.66,98,100,2.28
133,Luwuk,ID,2022-04-20 19:50:48,-0.9516,122.7875,77.11,85,98,2.44
134,Mahebourg,MU,2022-04-20 19:50:48,-20.4081,57.7,77.29,88,40,1.14
135,Qaanaaq,GL,2022-04-20 19:50:49,77.484,-69.3632,-0.17,77,100,8.32
136,Castro,BR,2022-04-20 19:50:49,-24.7911,-50.0119,69.57,64,0,2.62
137,Puerto Escondido,MX,2022-04-20 19:50:49,15.85,-97.0667,89.1,48,0,9.37
138,Quatre Cocos,MU,2022-04-20 19:50:50,-20.2078,57.7625,77.11,81,100,5.08
139,Mar Del Plata,AR,2022-04-20 19:51:50,-38.0023,-57.5575,66.22,88,20,6.91
140,Charlottetown,CA,2022-04-20 19:50:31,46.2352,-63.1267,52.09,47,75,24.16
141,Saint-Philippe,RE,2022-04-20 19:51:51,-21.3585,55.7679,76.59,86,47,3.36
142,Kostomuksha,RU,2022-04-20 19:51:52,64.571,30.5767,40.06,97,82,4.07
143,Narsaq,GL,2022-04-20 19:51:52,60.9167,-46.05,34.63,47,55,3.09
144,Media Luna,CU,2022-04-20 19:51:53,20.1419,-77.435,83.7,65,22,14.79
145,Savannah Bight,HN,2022-04-20 19:51:53,16.45,-85.85,80.98,71,12,7.27
146,Touros,BR,2022-04-20 19:42:38,-5.1989,-35.4608,81.86,74,97,11.97
147,Edd,ER,2022-04-20 19:51:54,13.9297,41.6925,89.33,42,2,22.79
148,Quelimane,MZ,2022-04-20 19:51:54,-17.8786,36.8883,75.15,94,75,12.66
149,Huron,US,2022-04-20 19:51:54,41.1501,-82.5499,56.97,48,100,9.31
150,Tiksi,RU,2022-04-20 19:51:55,71.6872,128.8694,6.12,99,100,4.32
151,Deputatskiy,RU,2022-04-20 19:51:55,69.3,139.9,7.43,88,94,2.98
152,Alofi,NU,2022-04-20 19:50:37,-19.0595,-169.9187,76.89,94,76,3.44
153,Baruun-Urt,MN,2022-04-20 19:51:56,46.6806,113.2792,33.85,36,100,21.23
154,Longyearbyen,SJ,2022-04-20 19:51:56,78.2186,15.6401,30.04,64,75,18.41
155,Yubari,JP,2022-04-20 19:51:57,43.0378,141.9578,42.48,57,0,6.64
156,San Miguel,SV,2022-04-20 19:51:58,13.4833,-88.1833,99.52,25,24,4.72
157,Khatanga,RU,2022-04-20 19:51:58,71.9667,102.5,-16.4,100,100,1.7
158,Carcassonne,FR,2022-04-20 19:51:49,43.25,2.1667,51.4,95,100,6.91
159,San Cristobal,VE,2022-04-20 19:51:59,7.7669,-72.225,80.78,72,99,0.87
160,Matay,EG,2022-04-20 19:51:59,28.419,30.7792,67.82,38,0,16.91
161,Hornepayne,CA,2022-04-20 19:51:59,49.2138,-84.7705,41.14,53,100,12.19
162,Susanville,US,2022-04-20 19:49:01,40.4163,-120.653,54.66,39,30,13.0
163,Porec,HR,2022-04-20 19:52:00,45.2258,13.5939,49.35,64,39,4.32
164,Flin Flon,CA,2022-04-20 19:52:00,54.7682,-101.865,31.84,86,100,9.22
165,Grand Forks,US,2022-04-20 19:52:01,47.9417,-97.4337,41.79,76,20,12.66
166,Pyaozerskiy,RU,2022-04-20 19:52:01,65.8333,31.1667,37.04,100,100,3.4
167,Thinadhoo,MV,2022-04-20 19:52:02,0.5333,72.9333,83.32,73,43,4.25
168,Port Elizabeth,ZA,2022-04-20 19:51:01,-33.918,25.5701,69.31,78,0,4.61
169,Carnarvon,AU,2022-04-20 19:52:03,-24.8667,113.6333,66.27,55,69,8.05
170,Tanete,ID,2022-04-20 19:52:03,-3.9443,119.7848,74.32,94,83,2.01
171,Nanortalik,GL,2022-04-20 19:52:04,60.1432,-45.2371,30.56,63,84,10.67
172,Hithadhoo,MV,2022-04-20 19:52:05,-0.6,73.0833,83.08,70,96,3.8
173,Isangel,VU,2022-04-20 19:52:06,-19.55,169.2667,78.57,80,52,7.4
174,Gat,IL,2022-04-20 19:52:07,31.61,34.7642,61.81,100,0,5.93
175,Leningradskiy,RU,2022-04-20 19:52:07,69.3833,178.4167,15.67,92,63,4.14
176,Bethel,US,2022-04-20 19:49:41,41.3712,-73.414,58.19,38,0,10.0
177,Vila Velha,BR,2022-04-20 19:52:08,-20.3297,-40.2925,80.55,77,20,13.8
178,Manokwari,ID,2022-04-20 19:52:08,-0.8667,134.0833,78.46,80,89,3.13
179,Asau,RO,2022-04-20 19:52:09,46.4333,26.4,41.95,80,94,3.94
180,Ballina,AU,2022-04-20 19:52:09,-28.8667,153.5667,64.36,91,75,3.44
181,Mackay,AU,2022-04-20 19:49:00,-21.15,149.2,75.18,83,100,14.97
182,Omboue,GA,2022-04-20 19:52:10,-1.5746,9.2618,78.39,92,97,5.26
183,Pangnirtung,CA,2022-04-20 19:52:10,66.1451,-65.7125,17.6,53,75,12.66
184,Kingman,US,2022-04-20 19:52:11,35.1894,-114.053,77.18,13,2,5.99
185,Kruisfontein,ZA,2022-04-20 19:52:11,-34.0033,24.7314,66.88,38,88,3.24
186,Eyl,SO,2022-04-20 19:53:12,7.9803,49.8164,81.32,69,14,11.23
187,Ribeira Grande,PT,2022-04-20 19:50:54,38.5167,-28.7,63.0,63,75,3.44
188,Luderitz,NA,2022-04-20 19:53:13,-26.6481,15.1594,71.11,43,2,6.13
189,Rawson,AR,2022-04-20 19:45:31,-43.3002,-65.1023,63.14,29,100,14.85
190,Mana,GF,2022-04-20 19:53:13,5.6592,-53.7767,78.55,86,100,10.13
191,Avarua,CK,2022-04-20 19:53:14,-21.2078,-159.775,77.05,73,75,10.36
192,Chegdomyn,RU,2022-04-20 19:53:14,51.1167,133.0167,35.49,98,100,2.06
193,Dikson,RU,2022-04-20 19:53:14,73.5069,80.5464,-1.05,100,91,8.95
194,Lagoa,PT,2022-04-20 19:53:15,39.05,-27.9833,59.04,64,9,6.35
195,Lorengau,PG,2022-04-20 19:53:15,-2.0226,147.2712,82.15,73,68,11.12
196,Butaritari,KI,2022-04-20 19:53:16,3.0707,172.7902,80.74,81,85,14.79
197,Araouane,ML,2022-04-20 19:53:16,18.9048,-3.5265,83.41,7,43,5.21
198,Hope,US,2022-04-20 19:53:17,33.6671,-93.5916,68.99,90,100,14.65
199,Kangaatsiaq,GL,2022-04-20 19:53:17,68.3065,-53.4641,7.99,77,7,12.41
200,Tupik,RU,2022-04-20 19:53:18,54.4253,119.9327,17.29,92,37,2.55
201,Lavrentiya,RU,2022-04-20 19:53:18,65.5833,-171.0,19.72,79,2,2.37
202,Sayhat,SA,2022-04-20 19:53:19,26.4852,50.0405,79.02,41,89,10.98
203,Tessalit,ML,2022-04-20 19:53:19,20.1986,1.0114,86.0,6,32,8.88
204,Nantucket,US,2022-04-20 19:50:29,41.2835,-70.0995,57.34,52,0,20.71
205,Necochea,AR,2022-04-20 19:53:20,-38.5473,-58.7368,68.59,64,93,7.29
206,Plettenberg Bay,ZA,2022-04-20 19:53:20,-34.0527,23.3716,71.91,41,80,6.6
207,Kununurra,AU,2022-04-20 19:52:08,-15.7667,128.7333,76.98,69,99,5.75
208,Gorontalo,ID,2022-04-20 19:53:21,0.5412,123.0595,74.77,95,100,2.64
209,Fukue,JP,2022-04-20 19:45:33,32.6881,128.8419,64.15,69,100,6.67
210,Northam,GB,2022-04-20 19:53:22,51.0333,-4.2167,56.61,74,22,4.76
211,Lecce,IT,2022-04-20 19:50:25,40.2167,18.1667,57.85,94,20,5.75
212,Cagliari,IT,2022-04-20 19:53:23,39.245,9.0912,63.91,74,0,11.01
213,Severo-Kurilsk,RU,2022-04-20 19:53:23,50.6789,156.125,33.75,92,64,9.71
214,Luanda,AO,2022-04-20 19:49:49,-8.8368,13.2343,78.8,89,75,5.75
215,Zhigansk,RU,2022-04-20 19:53:24,66.7697,123.3711,13.78,96,100,4.34
216,Linxia,CN,2022-04-20 19:53:24,35.6003,103.2064,48.72,18,97,5.03
217,Alice Springs,AU,2022-04-20 19:52:02,-23.7,133.8833,49.55,62,62,4.61
218,Flobecq,BE,2022-04-20 19:53:25,50.7526,3.7315,57.02,52,78,7.14
219,Ust-Tsilma,RU,2022-04-20 19:53:25,65.441,52.1498,21.02,87,71,6.93
220,Prince Rupert,CA,2022-04-20 19:53:26,54.3161,-130.3201,51.89,50,0,10.36
221,Adrar,MR,2022-04-20 19:53:26,20.5022,-10.0711,86.85,15,51,10.02
222,Emerald,AU,2022-04-20 19:52:05,-23.5333,148.1667,71.74,60,100,10.36
223,Kathmandu,NP,2022-04-20 19:50:36,27.7167,85.3167,66.42,82,75,3.44
224,Haines Junction,CA,2022-04-20 19:53:27,60.7522,-137.5108,33.75,40,100,2.3
225,Talnakh,RU,2022-04-20 19:53:27,69.4865,88.3972,-2.92,91,46,4.09
226,Toyooka,JP,2022-04-20 19:53:28,35.5333,134.8333,54.48,88,100,6.62
227,Boguchany,RU,2022-04-20 19:53:28,58.3814,97.4531,27.9,98,100,1.32
228,Cedar City,US,2022-04-20 19:53:22,37.6775,-113.0619,66.4,26,22,6.29
229,Lompoc,US,2022-04-20 19:53:29,34.6391,-120.4579,75.69,64,0,18.41
230,Nanakuli,US,2022-04-20 19:54:30,21.3906,-158.1547,77.61,68,75,5.75
231,Parabel,RU,2022-04-20 19:54:30,58.6978,81.4825,34.27,94,100,5.06
232,Devonport,AU,2022-04-20 19:54:30,-41.1667,146.35,47.08,69,7,7.67
233,Pevek,RU,2022-04-20 19:54:31,69.7008,170.3133,16.83,86,100,1.77
234,Baiao,BR,2022-04-20 19:54:32,-2.7906,-49.6717,79.92,95,98,2.17
235,Banjarmasin,ID,2022-04-20 19:54:32,-3.3244,114.591,77.14,94,65,1.05
236,Rurrenabaque,BO,2022-04-20 19:54:33,-14.4413,-67.5278,91.29,58,40,0.0
237,Conceicao Da Barra,BR,2022-04-20 19:54:33,-18.5933,-39.7322,76.78,78,6,8.05
238,Asyut,EG,2022-04-20 19:54:33,27.181,31.1837,69.98,31,0,14.97
239,Senneterre,CA,2022-04-20 19:54:34,48.3835,-77.2328,38.05,59,13,5.82
240,Grants Pass,US,2022-04-20 19:51:10,42.439,-123.3284,58.91,88,40,11.5
241,Batesville,US,2022-04-20 19:53:01,35.7698,-91.641,51.62,100,100,6.91
242,Calbuco,CL,2022-04-20 19:54:35,-41.768,-73.1273,54.1,71,94,7.63
243,Celestun,MX,2022-04-20 19:54:35,20.8667,-90.4,87.04,50,4,12.93
244,Nouadhibou,MR,2022-04-20 19:54:36,20.931,-17.0347,67.98,73,16,17.27
245,Kennoway,GB,2022-04-20 19:54:36,56.2108,-3.0492,51.1,90,99,5.01
246,Hualmay,PE,2022-04-20 19:54:37,-11.0964,-77.6139,71.56,75,56,9.37
247,Williston,US,2022-04-20 19:54:37,48.147,-103.618,45.34,50,92,11.99
248,Grojdibodu,RO,2022-04-20 19:54:38,43.75,24.2667,41.45,90,95,11.83
249,Muroto,JP,2022-04-20 19:54:38,33.2833,134.15,63.46,78,98,10.98
250,Kamenka,RU,2022-04-20 19:54:38,51.3223,42.7678,51.26,88,89,14.09
251,Te Anau,NZ,2022-04-20 19:54:39,-45.4167,167.7167,58.51,93,95,4.5
252,Rebrikha,RU,2022-04-20 19:54:39,53.0733,82.3408,36.63,86,100,4.74
253,Gizo,SB,2022-04-20 19:54:40,-8.103,156.8419,81.75,79,76,7.07
254,Carolina,PR,2022-04-20 19:54:40,18.3808,-65.9574,86.72,62,40,20.71
255,Dariba,IN,2022-04-20 19:54:40,24.95,74.1333,87.37,22,99,16.49
256,Magdagachi,RU,2022-04-20 19:54:41,53.45,125.8,25.74,67,4,5.95
257,Sobolevo,RU,2022-04-20 19:54:41,54.4299,31.8996,46.33,79,100,18.1
258,Lamu,KE,2022-04-20 19:54:42,-2.2717,40.902,80.82,82,100,15.68
259,Kushmurun,KZ,2022-04-20 19:54:42,52.4503,64.6311,57.42,73,100,11.05
260,Tautira,PF,2022-04-20 19:54:43,-17.7333,-149.15,80.67,72,20,9.89
261,Warrington,GB,2022-04-20 19:54:43,53.3925,-2.5802,55.87,55,0,12.66
262,Monrovia,LR,2022-04-20 19:54:43,6.3005,-10.7969,78.57,80,91,10.65
263,Kande,TG,2022-04-20 19:54:44,9.9578,1.0447,84.9,53,73,4.09
264,Byron Bay,AU,2022-04-20 19:54:44,-28.65,153.6167,64.29,81,100,6.06
265,Guarapari,BR,2022-04-20 19:54:45,-20.6667,-40.4975,77.9,73,0,7.14
266,Kenai,US,2022-04-20 19:51:54,60.5544,-151.2583,46.02,45,0,4.61
267,Grindavik,IS,2022-04-20 19:54:45,63.8424,-22.4338,48.15,93,75,11.5
268,Wajir,KE,2022-04-20 19:54:46,1.7471,40.0573,78.91,78,100,24.34
269,Bressuire,FR,2022-04-20 19:54:46,46.9167,-0.5,53.19,84,100,5.21
270,Mont-De-Marsan,FR,2022-04-20 19:54:47,44.0,-0.6667,51.62,93,100,0.0
271,Vrtojba,SI,2022-04-20 19:54:47,45.9125,13.6342,53.44,72,10,3.44
272,San Pedro De Macoris,DO,2022-04-20 19:54:47,18.4616,-69.2972,77.13,69,95,11.23
273,Camacha,PT,2022-04-20 19:54:48,33.0833,-16.3333,58.42,67,75,17.27
274,Eureka,US,2022-04-20 19:53:21,40.8021,-124.1637,54.19,84,100,17.83
275,Hastings,GB,2022-04-20 19:55:48,50.8552,0.5729,53.78,65,100,14.07
276,Esteli,NI,2022-04-20 19:55:49,13.0919,-86.3538,87.55,22,31,4.52
277,Grootfontein,NA,2022-04-20 19:55:49,-19.5667,18.1167,53.17,82,61,1.14
278,Azua,DO,2022-04-20 19:55:50,18.4532,-70.7349,78.06,78,100,6.49
279,Saldanha,ZA,2022-04-20 19:55:50,-33.0117,17.9442,66.25,89,86,7.67
280,Tura,IN,2022-04-20 19:55:51,25.5198,90.2201,66.78,74,1,2.91
281,Berlevag,NO,2022-04-20 19:55:51,70.8578,29.0864,39.15,75,0,10.36
282,Mayo,US,2022-04-20 19:55:51,38.8876,-76.5119,63.66,40,0,5.99
283,Tabuk,PH,2022-04-20 19:55:52,17.4189,121.4443,71.82,90,0,3.22
284,Itarema,BR,2022-04-20 19:55:52,-2.9248,-39.9167,80.2,84,69,11.32
285,Ilulissat,GL,2022-04-20 19:55:53,69.2167,-51.1,9.46,76,2,8.3
286,Caluquembe,AO,2022-04-20 19:55:53,-13.7833,14.6833,60.84,87,99,1.86
287,Kerns,CH,2022-04-20 19:55:54,46.9009,8.2765,55.53,55,100,5.75
288,Sur,OM,2022-04-20 19:55:54,22.5667,59.5289,83.3,59,100,9.75
289,Kiyasovo,RU,2022-04-20 19:55:54,56.3491,53.1244,36.61,94,19,7.31
290,Hamilton,US,2022-04-20 19:55:34,39.1834,-84.5333,66.24,37,69,8.01
291,Ambon,ID,2022-04-20 19:55:55,-3.6954,128.1814,78.94,89,40,6.91
292,Terney,RU,2022-04-20 19:55:55,45.0503,136.6092,45.55,75,23,6.38
293,Aykhal,RU,2022-04-20 19:55:56,66.0,111.5,11.88,96,99,6.8
294,Tirumullaivasal,IN,2022-04-20 19:55:56,11.2333,79.8333,82.22,82,0,8.03
295,Lithgow,AU,2022-04-20 19:55:57,-33.4833,150.15,41.47,96,0,3.38
296,Volot,RU,2022-04-20 19:55:57,57.9278,30.7025,45.25,79,5,10.2
297,Pacific Grove,US,2022-04-20 19:55:02,36.6177,-121.9166,64.24,74,9,8.01
298,Mogotes,CO,2022-04-20 19:55:58,6.4756,-72.9705,70.09,76,85,3.76
299,Esperance,AU,2022-04-20 19:55:59,-33.8667,121.9,57.04,76,85,7.61
300,Baculin,PH,2022-04-20 19:55:59,7.4525,126.5842,77.7,87,86,6.17
301,Hasaki,JP,2022-04-20 19:51:02,35.7333,140.8333,54.28,86,72,7.72
302,Ayan,RU,2022-04-20 19:55:59,56.45,138.1667,25.3,92,88,5.06
303,Marystown,CA,2022-04-20 19:56:00,47.1666,-55.1483,42.85,100,100,3.0
304,Puerto Ayora,EC,2022-04-20 19:56:00,-0.7393,-90.3518,78.76,82,100,9.04
305,Talcahuano,CL,2022-04-20 19:56:01,-36.7167,-73.1167,60.48,59,20,12.66
306,Riviere-Au-Renard,CA,2022-04-20 19:56:01,48.9957,-64.3971,41.29,86,98,10.96
307,Umm Lajj,SA,2022-04-20 19:56:02,25.0213,37.2685,75.97,59,2,9.69
308,Noumea,NC,2022-04-20 19:56:02,-22.2763,166.4572,75.99,99,47,3.09
309,Hit,IQ,2022-04-20 19:56:03,33.6416,42.8251,70.5,23,3,11.97
310,Sechura,PE,2022-04-20 19:56:03,-5.5569,-80.8222,73.58,72,99,3.6
311,Ponta Do Sol,PT,2022-04-20 19:56:04,32.6667,-17.1,63.01,57,20,7.02
312,Lebu,CL,2022-04-20 19:56:04,-37.6167,-73.65,55.83,65,1,9.82
313,Palu,ID,2022-04-20 19:56:05,-0.8917,119.8707,75.65,92,100,3.15
314,Avera,US,2022-04-20 19:56:05,33.194,-82.5271,72.55,40,56,10.25
315,Ulladulla,AU,2022-04-20 19:55:59,-35.35,150.4667,56.3,78,100,3.65
316,Coffeyville,US,2022-04-20 19:56:06,37.0373,-95.6164,64.02,94,100,17.27
317,Puerto Penasco,MX,2022-04-20 19:56:06,31.3167,-113.5333,75.9,75,0,5.01
318,Tupiza,BO,2022-04-20 19:56:07,-21.45,-65.7167,73.33,5,30,19.57
319,Marsh Harbour,BS,2022-04-20 19:57:07,26.5412,-77.0636,73.02,68,96,23.73
320,Havre-Saint-Pierre,CA,2022-04-20 19:57:08,50.2334,-63.5986,37.76,81,100,14.97
321,Fez,MA,2022-04-20 19:57:08,34.0372,-4.9998,53.85,62,40,10.36
322,Seydi,TM,2022-04-20 19:57:09,39.4816,62.9137,64.92,50,1,5.37
323,Kaitangata,NZ,2022-04-20 19:57:09,-46.2817,169.8464,56.95,99,80,1.59
324,Laguna,US,2022-04-20 19:57:06,38.421,-121.4238,70.32,45,20,11.5
325,Huarmey,PE,2022-04-20 19:57:10,-10.0681,-78.1522,72.52,74,26,10.63
326,Sarakhs,IR,2022-04-20 19:57:10,36.5449,61.1577,65.64,49,0,4.94
327,Rio Bueno,CL,2022-04-20 19:57:11,-40.3167,-72.9667,55.54,64,100,1.61
328,Iguape,BR,2022-04-20 19:57:11,-24.7081,-47.5553,72.84,76,44,7.58
329,Caravelas,BR,2022-04-20 19:57:12,-17.7125,-39.2481,77.32,67,2,6.49
330,Christchurch,NZ,2022-04-20 19:56:11,-43.5333,172.6333,72.32,65,72,6.91
331,Dothan,US,2022-04-20 19:56:01,31.2232,-85.3905,75.83,44,16,3.0
332,Moshi,TZ,2022-04-20 19:57:12,-3.35,37.3333,73.78,88,99,1.59
333,Santa Ana,US,2022-04-20 19:57:13,33.7456,-117.8678,74.61,56,40,9.22
334,Isabela,PH,2022-04-20 19:57:13,6.7085,121.9711,78.53,86,96,1.34
335,Baoqing,CN,2022-04-20 19:57:14,46.3317,132.2111,62.06,35,100,16.44
336,Jawa,JO,2022-04-20 19:57:14,31.8525,35.9393,52.11,76,20,8.05
337,Dong Xoai,VN,2022-04-20 19:57:15,11.5333,106.9167,74.93,91,97,2.24
338,Henties Bay,NA,2022-04-20 19:57:15,-22.116,14.2845,70.66,61,39,7.87
339,Forssa,FI,2022-04-20 19:57:16,60.8146,23.6215,45.68,93,75,5.01
340,Kalaleh,IR,2022-04-20 19:57:16,37.3807,55.4916,62.96,25,8,5.21
341,Kahului,US,2022-04-20 19:57:16,20.8947,-156.47,79.97,77,61,14.0
342,Djibo,BF,2022-04-20 19:57:17,14.1022,-1.6306,93.15,12,99,9.13
343,Moroni,KM,2022-04-20 19:53:30,-11.7022,43.2551,80.56,83,79,10.25
344,Kajaani,FI,2022-04-20 19:57:17,64.2273,27.7285,37.45,81,0,3.44
345,Rio Verde De Mato Grosso,BR,2022-04-20 19:57:18,-18.9181,-54.8442,89.06,36,4,3.2
346,Armidale,AU,2022-04-20 19:57:18,-30.5167,151.65,42.39,89,91,2.77
347,Souillac,MU,2022-04-20 19:57:19,-20.5167,57.5167,77.38,88,40,1.14
348,Povoa De Varzim,PT,2022-04-20 19:54:18,41.3834,-8.7636,55.15,76,0,16.11
349,Altay,CN,2022-04-20 19:57:20,47.8667,88.1167,39.29,55,0,4.29
350,Alyangula,AU,2022-04-20 19:57:21,-13.8483,136.4192,71.47,100,72,0.0
351,Pisco,PE,2022-04-20 19:53:34,-13.7,-76.2167,75.25,60,0,19.57
352,Nizhnyaya Poyma,RU,2022-04-20 19:57:21,56.1622,97.1933,33.8,92,100,8.25
353,Sligo,IE,2022-04-20 19:57:22,54.2697,-8.4694,55.33,50,100,5.75
354,Phonhong,LA,2022-04-20 19:57:22,18.5007,102.4166,73.38,86,11,3.13
355,Crib Point,AU,2022-04-20 19:57:23,-38.35,145.2,57.9,93,96,11.74
356,Arraial Do Cabo,BR,2022-04-20 19:52:24,-22.9661,-42.0278,76.96,78,0,11.5
357,Iisalmi,FI,2022-04-20 19:57:24,63.5592,27.1907,43.74,98,86,2.75
358,Roald,NO,2022-04-20 19:57:24,62.5833,6.1333,50.76,93,100,11.5
359,Ploemeur,FR,2022-04-20 19:57:25,47.7333,-3.4333,57.81,73,0,8.05
360,Bubaque,GW,2022-04-20 19:57:25,11.2833,-15.8333,76.05,77,92,18.9
361,Mae Hong Son,TH,2022-04-20 19:57:25,19.3003,97.9685,73.56,77,31,1.52
362,Opuwo,NA,2022-04-20 19:57:26,-18.0607,13.84,68.74,34,98,7.7
363,Faanui,PF,2022-04-20 19:58:27,-16.4833,-151.75,80.78,69,9,6.33
364,Matagami,CA,2022-04-20 19:58:27,49.7502,-77.6328,37.51,35,0,11.5
365,Leh,IN,2022-04-20 19:58:28,34.1667,77.5833,41.68,52,98,5.88
366,Le Port,RE,2022-04-20 19:58:28,-20.9373,55.2919,77.0,85,84,2.24
367,Bengkulu,ID,2022-04-20 19:58:29,-3.8004,102.2655,75.85,90,100,9.1
368,Dubuque,US,2022-04-20 19:55:34,42.4833,-90.8668,46.85,76,100,23.02
369,San Ignacio,BZ,2022-04-20 19:58:29,17.1561,-89.0714,93.34,40,40,4.61
370,Igarka,RU,2022-04-20 19:58:30,67.4667,86.5833,18.12,93,100,17.16
371,Nichinan,JP,2022-04-20 19:58:30,31.6,131.3667,61.61,84,100,3.33
372,Hayden,US,2022-04-20 19:58:31,47.766,-116.7866,52.18,46,93,4.0
373,Viedma,AR,2022-04-20 19:58:31,-40.8135,-62.9967,54.46,86,100,22.68
374,Iberia,US,2022-04-20 19:58:32,29.9502,-91.7507,79.09,69,100,18.48
375,Saint-Georges,GD,2022-04-20 19:58:32,12.0564,-61.7485,87.48,55,20,24.16
376,Iona,US,2022-04-20 19:58:33,26.5204,-81.964,87.01,45,0,8.01
377,Codrington,AU,2022-04-20 19:58:33,-38.2667,141.9667,54.1,78,57,8.46
378,Terra Santa,BR,2022-04-20 19:58:34,-2.1042,-56.4869,81.19,86,100,1.32
379,Shumskiy,RU,2022-04-20 19:58:34,54.8318,99.1328,33.84,72,100,8.7
380,Gayny,RU,2022-04-20 19:58:35,60.3071,54.3241,27.77,91,38,7.7
381,Amahai,ID,2022-04-20 19:58:36,-3.3333,128.9167,78.28,86,41,2.84
382,Swan River,CA,2022-04-20 19:58:36,52.1058,-101.2676,33.69,86,100,16.11
383,Bay Roberts,CA,2022-04-20 19:58:37,47.5999,-53.2648,48.04,82,100,8.99
384,Bonavista,CA,2022-04-20 19:58:37,48.6499,-53.1147,39.54,88,100,28.66
385,La Rioja,ES,2022-04-20 19:58:38,42.25,-2.5,38.98,98,100,9.06
386,Westport,US,2022-04-20 19:58:38,41.1415,-73.3579,59.95,33,1,5.99
387,Pochutla,MX,2022-04-20 19:57:11,15.7432,-96.4661,92.82,37,3,9.4
388,Barrancas,CO,2022-04-20 19:58:39,10.9576,-72.7877,82.24,75,95,4.16
389,Ouargaye,BF,2022-04-20 19:58:39,11.5033,0.0572,95.7,29,86,1.9
390,Harlingen,US,2022-04-20 19:58:40,26.1906,-97.6961,82.35,87,100,21.85
391,Ahipara,NZ,2022-04-20 19:58:40,-35.1667,173.1667,67.82,86,92,8.16
392,Boa Vista,BR,2022-04-20 19:58:40,2.8197,-60.6733,87.78,62,75,3.44
393,Severo-Yeniseyskiy,RU,2022-04-20 19:58:41,60.3725,93.0408,19.02,97,100,3.33
394,Kadnikov,RU,2022-04-20 19:58:41,59.5022,40.338,39.04,95,100,7.9
395,Grand-Lahou,CI,2022-04-20 19:58:42,5.1367,-5.0242,80.24,88,100,7.56
396,Qasigiannguit,GL,2022-04-20 19:58:42,68.8193,-51.1922,9.09,78,6,7.49
397,Belyy Yar,RU,2022-04-20 19:58:42,53.6039,91.3903,37.29,76,0,4.47
398,Uyemskiy,RU,2022-04-20 19:58:43,64.4743,40.8524,30.25,68,0,6.71
399,Mayumba,GA,2022-04-20 19:58:43,-3.432,10.6554,76.75,93,95,6.02
400,Chicama,PE,2022-04-20 19:58:44,-7.8447,-79.1469,66.74,58,15,10.54
401,Waitati,NZ,2022-04-20 19:58:44,-45.75,170.5667,62.8,89,84,11.83
402,Kutum,SD,2022-04-20 19:58:44,14.2,24.6667,80.74,17,98,10.2
403,Xianyang,CN,2022-04-20 19:56:19,34.3378,108.7026,54.64,66,0,2.24
404,Saint-Augustin,CA,2022-04-20 19:58:45,51.226,-58.6502,34.79,99,100,18.7
405,Igrim,RU,2022-04-20 19:58:46,63.1906,64.4162,17.65,62,100,9.46
406,Klyuchi,RU,2022-04-20 19:58:46,52.2667,79.1667,47.17,61,100,7.02
407,Chudniv,UA,2022-04-20 19:58:46,50.052,28.1175,40.44,82,92,5.1
408,Vaitape,PF,2022-04-20 19:58:47,-16.5167,-151.75,80.8,69,8,6.4
409,Oloron-Sainte-Marie,FR,2022-04-20 19:59:47,43.1944,-0.6107,49.93,95,100,6.71
410,Eldorado,BR,2022-04-20 19:59:48,-23.7869,-54.2836,78.87,67,2,6.71
411,Ferkessedougou,CI,2022-04-20 19:59:48,9.6,-5.2,88.03,39,97,3.4
412,Dingli,MT,2022-04-20 19:59:49,35.8614,14.3822,60.96,72,0,19.57
413,Gushikawa,JP,2022-04-20 19:59:49,26.3544,127.8686,72.63,88,100,11.12
414,Paita,PE,2022-04-20 19:59:49,-5.0892,-81.1144,72.63,78,97,6.6
415,Kargopol,RU,2022-04-20 19:59:50,61.5071,38.9456,35.65,87,100,5.48
416,Itaituba,BR,2022-04-20 19:59:50,-4.2761,-55.9836,78.96,94,75,4.61
417,Sabang,ID,2022-04-20 19:59:51,5.8933,95.3214,82.49,74,98,5.1
418,Tilichiki,RU,2022-04-20 19:59:51,60.4667,166.1,8.6,97,98,7.47
419,Vanimo,PG,2022-04-20 19:55:55,-2.6741,141.3028,77.7,89,100,5.17
420,Praia Da Vitoria,PT,2022-04-20 19:59:52,38.7333,-27.0667,62.85,77,75,3.18
421,Skjervoy,NO,2022-04-20 19:59:52,70.0311,20.9714,37.4,86,13,4.9
422,Vazante,BR,2022-04-20 19:59:53,-17.9869,-46.9078,81.63,46,2,1.54
423,Yumen,CN,2022-04-20 19:59:53,40.2833,97.2,49.42,15,100,8.23
424,Anadyr,RU,2022-04-20 19:59:54,64.75,177.4833,32.5,80,75,13.42
425,Vikesa,NO,2022-04-20 19:59:54,58.6376,6.0913,48.88,68,7,3.65
426,Eldoret,KE,2022-04-20 19:59:55,0.5204,35.2699,62.69,94,75,2.3
427,Youkounkoun,GN,2022-04-20 19:59:55,12.5333,-13.1333,94.21,20,22,3.11
428,Hirara,JP,2022-04-20 19:59:55,24.8,125.2833,74.07,82,100,16.06
429,Wahiawa,US,2022-04-20 19:59:56,21.5028,-158.0236,74.21,72,75,5.75
430,Hami,CN,2022-04-20 19:59:56,42.8,93.45,60.48,11,91,17.25
431,Yulara,AU,2022-04-20 19:55:54,-25.2406,130.9889,58.84,38,46,6.91
432,Blairmore,CA,2022-04-20 19:59:51,49.6,-114.4353,37.58,51,100,12.66
433,Weinan,CN,2022-04-20 19:59:57,34.5036,109.5089,58.44,47,81,4.05
434,Casa Nova,BR,2022-04-20 19:55:22,-9.4167,-41.1333,87.06,47,18,16.33
435,Daru,PG,2022-04-20 19:59:58,-9.0763,143.2092,77.61,87,60,3.51
436,Seoni Malwa,IN,2022-04-20 19:59:58,22.45,77.4667,91.36,14,100,7.02
437,Ayagoz,KZ,2022-04-20 19:59:58,47.9714,80.4392,46.44,41,100,0.98
438,Bianzhuang,CN,2022-04-20 19:59:59,34.8486,118.0447,52.48,82,0,5.99
439,Nsanje,MW,2022-04-20 19:59:59,-16.92,35.262,69.66,89,46,3.8
440,Port Blair,IN,2022-04-20 20:00:00,11.6667,92.75,84.24,79,20,2.3
441,Delmiro Gouveia,BR,2022-04-20 20:00:01,-9.3886,-37.9992,84.65,53,100,8.79
442,Prata,BR,2022-04-20 20:00:01,-19.3072,-48.9242,83.37,43,14,4.07
443,Mecca,SA,2022-04-20 20:00:01,21.4267,39.8261,84.11,46,16,4.16
444,Gazli,UZ,2022-04-20 20:00:04,40.1333,63.45,65.25,50,70,5.55
445,Candelaria,PH,2022-04-20 20:00:05,13.9311,121.4233,76.39,94,16,4.25
446,Kirakira,SB,2022-04-20 19:57:19,-10.4544,161.9205,79.97,85,99,7.02
447,Mahibadhoo,MV,2022-04-20 20:00:06,3.7833,72.9667,83.16,77,48,7.63
448,Lumsden,CA,2022-04-20 20:00:07,50.6501,-104.8678,36.01,98,100,15.41
449,Along,IN,2022-04-20 20:00:11,28.1667,94.7667,65.7,94,54,1.99
450,Bull Savanna,JM,2022-04-20 20:00:14,17.8868,-77.5902,79.29,72,61,5.5
451,Fortuna,US,2022-04-20 20:00:15,40.5982,-124.1573,53.92,92,75,17.27
452,Leopold,AU,2022-04-20 20:00:17,-38.1833,144.4667,52.66,93,75,6.91
453,Srednekolymsk,RU,2022-04-20 20:00:18,67.45,153.6833,10.58,90,46,2.35
454,Namibe,AO,2022-04-20 20:01:19,-15.1961,12.1522,76.15,86,100,4.23
455,Langenburg,DE,2022-04-20 20:01:20,49.2544,9.8458,48.15,57,75,13.8
456,Novoagansk,RU,2022-04-20 20:01:20,61.9449,76.6625,14.7,93,84,7.99
457,Nome,US,2022-04-20 19:58:36,64.5011,-165.4064,33.17,63,3,3.78
458,Boke,GN,2022-04-20 20:01:21,10.9409,-14.2967,80.22,60,63,7.47
459,Poya,NC,2022-04-20 20:01:22,-21.35,165.15,73.69,82,28,5.28
460,Sibolga,ID,2022-04-20 20:01:22,1.7427,98.7792,76.03,88,100,3.18
461,Cockburn Town,TC,2022-04-20 20:01:23,21.4612,-71.1419,77.76,78,100,11.07
462,Srandakan,ID,2022-04-20 20:01:23,-7.9386,110.2506,75.78,89,72,4.18
463,Magnolia,US,2022-04-20 19:58:05,33.2671,-93.2393,68.74,75,100,14.36
464,Aklavik,CA,2022-04-20 20:01:24,68.2191,-135.0107,16.88,88,88,6.64
465,Mount Isa,AU,2022-04-20 20:01:24,-20.7333,139.5,71.37,23,3,12.66
466,Eganville,CA,2022-04-20 20:01:25,45.5334,-77.0994,46.51,51,77,6.11
467,High Rock,BS,2022-04-20 20:01:25,26.6208,-78.2833,73.87,62,10,22.66
468,Atar,MR,2022-04-20 20:01:26,20.5169,-13.0499,88.7,16,21,10.38
469,Yei,SS,2022-04-20 20:00:20,4.095,30.6779,70.29,83,70,4.16
470,Karratha,AU,2022-04-20 20:01:26,-20.7377,116.8463,82.76,39,54,8.21
471,Wagar,SD,2022-04-20 20:01:27,16.1525,36.2032,92.64,36,4,13.67
472,Bilma,NE,2022-04-20 20:01:27,18.6853,12.9164,84.94,10,2,5.19
473,Kargasok,RU,2022-04-20 20:01:28,59.0556,80.8572,33.69,98,100,2.68
474,Ugoofaaru,MV,2022-04-20 20:01:28,5.6667,73.0,84.76,73,54,9.33
475,Kambove,CD,2022-04-20 20:01:28,-10.8764,26.5969,61.66,96,100,2.98
476,Papara,BR,2022-04-20 20:01:29,-3.9839,-38.7273,82.8,86,59,3.96
477,Rome,US,2022-04-20 19:58:30,34.257,-85.1647,74.37,31,93,1.99
478,Udachnyy,RU,2022-04-20 20:01:29,66.4167,112.4,13.3,96,100,6.15
479,Aksu,CN,2022-04-20 20:01:30,41.1231,80.2644,70.57,15,99,5.61
480,College,US,2022-04-20 20:01:30,64.8569,-147.8028,43.2,41,10,2.39
481,Mmathubudukwane,BW,2022-04-20 20:01:31,-24.6,26.4333,64.04,65,80,3.98
482,Antalaha,MG,2022-04-20 20:01:31,-14.9003,50.2788,75.49,97,100,10.96
483,Meulaboh,ID,2022-04-20 20:01:31,4.1363,96.1285,78.3,87,100,5.12
484,Inverell,AU,2022-04-20 20:01:32,-29.7833,151.1167,48.16,88,100,1.01
485,Miyang,CN,2022-04-20 20:01:32,24.4042,103.4428,55.15,96,52,2.73
486,Garchitorena,PH,2022-04-20 20:01:33,13.8804,123.6946,78.37,88,8,2.93
487,Kantunilkin,MX,2022-04-20 20:01:33,21.0917,-87.45,93.52,32,8,9.44
488,Fort Nelson,CA,2022-04-20 20:01:33,58.8053,-122.7002,32.43,77,100,3.91
489,Zheleznogorsk-Ilimskiy,RU,2022-04-20 20:01:34,56.5768,104.1217,26.04,93,100,6.62
490,Sorong,ID,2022-04-20 20:00:05,-0.8833,131.25,78.6,86,77,2.51
491,Coihaique,CL,2022-04-20 19:58:50,-45.5752,-72.0662,52.41,62,75,6.91
492,Liwale,TZ,2022-04-20 20:01:35,-9.7667,37.9333,68.52,98,75,4.23
493,Socorro,US,2022-04-20 20:01:35,31.6546,-106.3033,89.91,9,0,24.14
494,Baracoa,CU,2022-04-20 20:01:36,20.3467,-74.4958,79.88,75,62,9.57
495,Portland,US,2022-04-20 19:58:41,45.5234,-122.6762,49.44,90,100,7.0
496,San Policarpo,PH,2022-04-20 20:01:36,12.1791,125.5072,80.06,82,62,6.31
497,Banjar,ID,2022-04-20 20:01:37,-8.19,114.9675,76.91,87,100,1.32
498,Sabha,LY,2022-04-20 20:01:37,27.0377,14.4283,76.84,14,100,10.89
499,Mount Pleasant,US,2022-04-20 19:59:52,32.7941,-79.8626,70.09,54,0,11.5
500,Okhotsk,RU,2022-04-20 20:01:38,59.3833,143.3,20.62,91,100,6.04
501,Pasighat,IN,2022-04-20 20:01:38,28.0667,95.3333,70.39,79,65,2.35
502,Selishche,RU,2022-04-20 20:02:39,56.8879,33.2691,43.93,81,6,12.68
503,Caconda,AO,2022-04-20 20:02:39,-13.7333,15.0667,62.64,87,100,2.77
504,Raudeberg,NO,2022-04-20 20:02:39,61.9875,5.1352,45.27,82,21,8.34
505,Sorland,NO,2022-04-20 20:02:40,67.667,12.6934,44.46,91,100,5.53
506,Batemans Bay,AU,2022-04-20 20:02:40,-35.7167,150.1833,56.1,82,40,4.52
507,Rocha,UY,2022-04-20 20:02:41,-34.4833,-54.3333,76.35,47,1,7.07
508,Port Hawkesbury,CA,2022-04-20 20:02:41,45.6169,-61.3485,52.92,73,68,5.99
509,Carlsbad,US,2022-04-20 19:59:59,33.1581,-117.3506,74.39,68,0,10.0
510,Kabalo,CD,2022-04-20 20:02:42,-6.05,26.9167,70.25,97,100,5.28
511,Sao Raimundo Nonato,BR,2022-04-20 20:01:27,-9.0153,-42.6994,86.05,51,94,2.53
512,Shishou,CN,2022-04-20 20:02:42,29.7226,112.419,59.11,91,0,9.75
513,Roebourne,AU,2022-04-20 19:59:37,-20.7833,117.1333,82.72,40,43,9.28
514,Sovetskiy,RU,2022-04-20 20:02:43,61.3614,63.5842,22.68,79,96,7.74
515,Oranjemund,NA,2022-04-20 20:02:43,-28.55,16.4333,66.36,56,10,5.68
516,Nioro,GM,2022-04-20 20:02:44,13.35,-15.75,83.97,37,37,12.8
517,Synya,RU,2022-04-20 20:02:44,65.3718,58.0387,15.42,89,100,6.87
518,Dauphin,CA,2022-04-20 19:58:06,51.1494,-100.0502,37.54,81,100,11.5
519,Lodja,CD,2022-04-20 20:02:45,-3.4833,23.4333,70.12,99,100,1.99
520,Buchanan,LR,2022-04-20 20:02:46,5.8808,-10.0467,80.13,86,87,8.32
521,Gasa,PS,2022-04-20 20:02:46,31.5,34.4667,53.89,74,0,8.59
522,Petropavlovsk-Kamchatskiy,RU,2022-04-20 20:02:47,53.0452,158.6483,28.99,100,100,6.71
523,Marsa Matruh,EG,2022-04-20 20:02:47,31.3525,27.2453,59.81,64,0,6.11
524,Jutai,BR,2022-04-20 20:02:48,-5.1833,-68.9,73.58,99,100,2.33
525,Weihai,CN,2022-04-20 20:02:48,37.5017,122.1136,53.31,81,0,17.56
526,Ngawen,ID,2022-04-20 20:02:48,-7.0032,111.3129,74.37,93,43,2.55
527,Kirensk,RU,2022-04-20 20:02:49,57.7853,108.1119,24.58,89,99,6.31
528,Stawell,AU,2022-04-20 20:02:49,-37.05,142.7667,46.4,91,0,4.27
529,Banatsko Novo Selo,RS,2022-04-20 20:02:50,44.9907,20.7848,46.31,89,39,6.02
530,Road Town,VG,2022-04-20 19:58:59,18.4167,-64.6167,82.44,65,40,11.5
531,Jalu,LY,2022-04-20 20:02:50,29.0331,21.5482,69.08,21,0,7.81
532,Nicoya,CR,2022-04-20 20:02:51,10.1483,-85.452,89.62,46,85,6.02
533,Padang,ID,2022-04-20 20:02:51,-0.9492,100.3543,75.9,93,100,4.63
534,Bousso,TD,2022-04-20 20:02:51,10.4795,16.7117,91.71,20,100,4.25
535,Mogadishu,SO,2022-04-20 20:00:11,2.0371,45.3438,82.99,71,93,17.25
536,Bundaberg,AU,2022-04-20 20:00:14,-24.85,152.35,67.21,99,59,1.01
537,Lakheri,IN,2022-04-20 20:02:52,25.6667,76.1667,93.81,14,100,13.56
538,Kuusamo,FI,2022-04-20 20:02:52,65.9667,29.1833,35.64,87,0,2.3
539,Sterling,US,2022-04-20 20:02:53,39.0062,-77.4286,63.34,33,0,8.01
540,Hue,VN,2022-04-20 20:02:54,16.4667,107.6,71.71,94,75,3.44
541,Makat,KZ,2022-04-20 20:02:55,47.6469,53.3463,69.84,25,99,14.7
542,Palmer,US,2022-04-20 19:58:27,42.1584,-72.3287,56.52,33,5,7.0
543,Basco,PH,2022-04-20 20:02:56,20.4487,121.9702,79.07,83,28,13.94
544,Trebisacce,IT,2022-04-20 20:02:56,39.8708,16.5312,55.35,69,63,2.66
545,Bilibino,RU,2022-04-20 20:02:57,68.0546,166.4372,13.8,92,100,2.19
546,Biak,ID,2022-04-20 20:01:31,-0.9131,122.8766,75.94,84,99,1.34
547,Boundiali,CI,2022-04-20 20:02:57,9.5217,-6.4869,86.56,37,12,2.98
548,Segou,ML,2022-04-20 20:02:58,13.4317,-6.2157,92.64,8,57,9.48
549,Arlit,NE,2022-04-20 20:02:58,18.7369,7.3853,92.39,10,88,5.46
550,Chiredzi,ZW,2022-04-20 20:03:59,-21.05,31.6667,63.25,96,100,7.05
551,Zlobin,HR,2022-04-20 20:03:59,45.2924,14.6541,42.1,62,0,0.0
552,Xudat,AZ,2022-04-20 20:04:00,41.631,48.681,58.62,69,100,8.55
553,Eydhafushi,MV,2022-04-20 20:04:00,5.1033,73.0708,84.52,75,55,10.56
554,Bahia Blanca,AR,2022-04-20 19:59:29,-38.7196,-62.2724,59.56,75,57,6.51
555,Galveston,US,2022-04-20 20:01:47,29.3669,-94.9669,83.01,74,20,19.57
556,Tortoli,IT,2022-04-20 20:04:01,39.9256,9.6572,57.04,93,100,3.02
557,Gamba,GA,2022-04-20 20:04:01,-2.65,10.0,76.62,91,95,4.32
558,Terra Nova,BR,2022-04-20 20:04:02,-12.3667,-40.6667,77.79,62,73,6.35
559,Lalibela,ET,2022-04-20 20:04:02,12.0333,39.0333,66.15,39,13,7.47
560,Shingu,JP,2022-04-20 20:04:03,33.7333,135.9833,58.26,71,100,4.94
561,Cape Canaveral,US,2022-04-20 20:04:03,28.4058,-80.6048,79.02,60,100,14.97
562,Berdigestyakh,RU,2022-04-20 20:04:03,62.0989,126.6992,9.0,99,98,2.57
563,Dano,BF,2022-04-20 20:04:04,11.15,-3.0667,95.4,27,76,2.51
564,Kropotkin,RU,2022-04-20 20:04:04,45.4375,40.5756,42.19,81,11,6.26
565,Machilipatnam,IN,2022-04-20 20:04:05,16.1667,81.1333,82.45,81,5,12.75
566,Piedade,BR,2022-04-20 20:03:35,-23.7119,-47.4278,67.77,78,9,7.56
567,San Martin,AR,2022-04-20 20:04:05,-33.081,-68.4681,70.84,40,48,16.24
568,Los Llanos De Aridane,ES,2022-04-20 20:04:06,28.6585,-17.9182,62.35,73,75,16.11
569,Yining,CN,2022-04-20 20:04:06,29.0361,114.5636,56.1,92,0,2.26
570,Erzin,TR,2022-04-20 20:04:07,36.9559,36.2,56.46,86,41,3.91
571,Hay River,CA,2022-04-20 20:04:07,60.8156,-115.7999,31.26,70,27,3.67
572,Kisangani,CD,2022-04-20 20:04:07,0.5167,25.2,70.48,100,100,2.3
573,Makakilo City,US,2022-04-20 20:04:08,21.3469,-158.0858,77.32,70,75,16.11
574,Muros,ES,2022-04-20 20:04:08,42.7762,-9.0603,51.84,68,6,8.81
575,Nikel,RU,2022-04-20 20:04:09,69.4128,30.222,39.38,95,100,4.85
576,Diglur,IN,2022-04-20 20:04:09,18.55,77.6,93.13,19,87,3.31
577,Batagay-Alyta,RU,2022-04-20 20:04:09,67.8006,130.4114,15.35,96,100,4.09
578,Sajanan,TN,2022-04-20 20:04:10,37.0573,9.2426,57.72,95,100,6.35
579,Cao Bang,VN,2022-04-20 20:04:10,22.6667,106.25,63.95,97,7,1.72
580,Amga,RU,2022-04-20 20:04:11,60.8953,131.9608,17.82,97,98,1.57
581,Basi,IN,2022-04-20 20:04:11,26.8333,76.0333,88.14,17,88,7.76
582,Illintsi,UA,2022-04-20 20:04:12,49.1048,29.2177,39.43,84,81,6.15
583,Aquiraz,BR,2022-04-20 20:04:12,-3.9014,-38.3911,84.29,82,54,8.48
584,Sinnamary,GF,2022-04-20 20:04:12,5.3833,-52.95,78.26,89,100,11.48
585,Luganville,VU,2022-04-20 20:04:13,-15.5333,167.1667,80.8,83,14,4.81
586,Hervey Bay,AU,2022-04-20 20:04:13,-25.2986,152.8535,70.02,96,12,5.99
